[
  {
    "category": "Garden",
    "productsCount": 23,
    "avaragePrice": "800.15",
    "totalRevenue": "18403.47"
  },
  {
    "category": "Weapons",
    "productsCount": 22,
    "avaragePrice": "671.07",
    "totalRevenue": "14763.61"
  },
  {
    "category": "Drugs",
    "productsCount": 22,
    "avaragePrice": "882.20",
    "totalRevenue": "19408.43"
  },
  {
    "category": "Adult",
    "productsCount": 22,
    "avaragePrice": "775.59",
    "totalRevenue": "17062.92"
  },
  {
    "category": "Other",
    "productsCount": 19,
    "avaragePrice": "765.35",
    "totalRevenue": "14541.71"
  },
  {
    "category": "Autoparts",
    "productsCount": 17,
    "avaragePrice": "761.73",
    "totalRevenue": "12949.33"
  },
  {
    "category": "Business",
    "productsCount": 17,
    "avaragePrice": "823.30",
    "totalRevenue": "13996.15"
  },
  {
    "category": "Fashion",
    "productsCount": 16,
    "avaragePrice": "780.98",
    "totalRevenue": "12495.63"
  },
  {
    "category": "Electronics",
    "productsCount": 14,
    "avaragePrice": "737.92",
    "totalRevenue": "10330.86"
  },
  {
    "category": "For Children",
    "productsCount": 14,
    "avaragePrice": "685.15",
    "totalRevenue": "9592.08"
  },
  {
    "category": "Sports",
    "productsCount": 14,
    "avaragePrice": "750.64",
    "totalRevenue": "10508.98"
  }
]